community_id,num_diseases,internal_edges,density,avg_clustering
1,1205,87066,0.12002315931680016,0.8322005218465282
0,989,49393,0.10109790693580806,0.8259208542359321
2,940,57744,0.1308408673781524,0.8516455027181042
