metric,mean,median,std,min,max
betweenness_unweighted,0.0006231147184060939,2.9081183474312663e-06,0.004517853516676544,0.0,0.11665627809907618
betweenness_weighted,0.0008334220098519316,0.0,0.016550801978193364,0.0,0.5290529136615711
