community_id,num_diseases,internal_edges,density,avg_clustering
0,427,7693,0.08458400677287771,0.8339895171661843
4,347,6995,0.11652312971631323,0.8098077762702777
1,313,7500,0.15360039321700664,0.8197698538030522
3,303,10392,0.2271326470395384,0.8252456072780668
2,127,1589,0.19860017497812774,0.7479214752240372
